--Bitte vorher setup.sql ausführen

INSERT INTO `benutzer` (`benutzerNr`, `name`, `anmeldename`, `telefonnr`) VALUES
(1, 'Marcus V.', 'voigt', 1245),
(2, 'Max Moritz', 'moritz', 5674887),
(3, 'Jack Sparrow', 'sparrow', 849474765),
(4, 'Roman G.', 'roman', 456),
(5, 'SELECT * FROM sensoren', 'sensor', 2445);

INSERT INTO `hersteller` (`herstellerNr`, `name`) VALUES
(1, 'Mamsung'),
(2, 'Epple2'),
(3, 'Novotech');

INSERT INTO `sensoren` (`sensorNr`, `serverschrank`, `adresse`, `herstellerNr`, `maxtemperatur`) VALUES
(1, 1, 'Regal-5', 3, 70),
(2, 1, 'Regal-5', 2, 50),
(3, 1, 'Regal-5', 1, 55),
(5, 1, 'Regal-4', 1, 120),
(6, 1, 'Regel-6', 2, 35);

INSERT INTO `temperaturen` (`temperaturNr`, `sensorNr`, `zeit`, `temperatur`) VALUES
(1, 1, '2020-03-28 15:19:04', 50.5),
(124, 2, '2020-03-28 16:44:51', 78),
(125, 2, '2020-03-28 16:44:51', 62),
(126, 1, '2020-03-28 16:44:51', 92),
(127, 2, '2020-03-28 16:44:52', 93),
(128, 2, '2020-03-28 16:44:52', 58),
(132, 2, '2020-03-28 16:44:57', 54),
(134, 1, '2020-03-28 16:44:57', 57),
(135, 2, '2020-03-28 16:44:57', 53),
(136, 2, '2020-03-28 16:44:57', 64),
(138, 1, '2020-03-28 16:44:57', 90),
(139, 1, '2020-03-28 16:44:57', 35),
(140, 2, '2020-03-28 16:44:57', 82),
(141, 2, '2020-03-28 16:44:57', 28),
(142, 1, '2020-03-28 16:44:57', 25),
(143, 1, '2020-03-28 16:44:57', 55),
(144, 1, '2020-03-28 16:44:57', 87),
(145, 1, '2020-03-28 16:44:57', 29),
(146, 1, '2020-03-28 16:44:57', 48),
(147, 2, '2020-03-28 16:44:57', 26),
(148, 2, '2020-03-28 16:44:57', 27),
(149, 2, '2020-03-28 16:44:57', 34),
(150, 1, '2020-03-28 16:44:57', 58),
(151, 2, '2020-03-28 16:44:57', 99),
(152, 1, '2020-03-28 16:44:57', 20),
(153, 1, '2020-03-28 16:44:57', 29),
(154, 1, '2020-03-28 16:44:57', 57),
(155, 1, '2020-03-28 16:44:57', 89),
(156, 1, '2020-03-28 16:44:57', 66),
(157, 2, '2020-03-28 16:44:57', 90),
(158, 3, '2020-03-28 16:46:19', 77),
(159, 2, '2020-03-28 16:46:19', 99),
(160, 3, '2020-03-28 16:46:19', 50),
(161, 2, '2020-03-28 16:46:19', 52),
(162, 3, '2020-03-28 16:46:19', 89),
(163, 2, '2020-03-28 16:46:19', 58),
(164, 3, '2020-03-28 16:46:19', 77),
(165, 2, '2020-03-28 16:46:19', 77),
(166, 2, '2020-03-28 16:46:19', 37),
(167, 1, '2020-03-28 16:46:19', 76),
(168, 3, '2020-03-28 16:46:19', 73),
(169, 2, '2020-03-28 16:46:19', 84),
(170, 3, '2020-03-28 16:46:19', 72),
(171, 2, '2020-03-28 16:46:19', 68),
(172, 2, '2020-03-28 16:46:19', 86),
(173, 3, '2020-03-28 16:46:19', 72),
(174, 3, '2020-03-28 16:46:19', 58),
(175, 2, '2020-03-28 16:46:19', 71),
(176, 1, '2020-03-28 16:46:19', 85),
(177, 1, '2020-03-28 16:46:19', 93),
(178, 2, '2020-03-28 16:46:19', 50),
(179, 3, '2020-03-28 16:46:19', 30),
(180, 1, '2020-03-28 16:46:19', 76),
(181, 3, '2020-03-28 16:46:19', 67),
(182, 1, '2020-03-28 16:46:19', 92),
(183, 3, '2020-03-28 16:46:19', 44);

INSERT INTO `log` (`logNr`, `sensorNr`, `benutzerNr`, `datum`, `nachricht`) VALUES
(1, 1, 1, '28.03.2020', 'Temperaturwert mit ID 129 wurde gelöscht!'),
(2, 2, 1, '29.03.2020', 'Temperaturwert mit ID 137 wurde gelöscht!'),
(4, 2, 3, '29.03.2020', 'Sensor mit ID 2 wurde geändert!'),
(5, 2, 2, '29.03.2020', 'Sensor mit ID 2 wurde geändert!'),
(6, 1, 2, '29.03.2020', 'Sensor mit ID 1 wurde geändert!'),
(8, 2, 2, '29.03.2020', 'Neuer Sensor wurde angelegt!'),
(10, 2, 1, '29.03.2020', 'test');

